<Messages>
<Message timeStamp="1512169398">Massive flood hit bergen...</Message>
<Message timeStamp="1512169388">Oh no! flood hit bergen, people dead</Message>
<Message timeStamp="1512169318">A car exploded in bergen today, many people killed</Message>
<Message timeStamp="1512169395">Flood hit bergen today, many people dead</Message>
<Message timeStamp="1512169328">A car exploded in bergen today, many people killed</Message>
<Message timeStamp="1512169338">Flood hit bergen today, many people dead</Message>
<Message timeStamp="1512169391">Flood hit japan yesterday</Message>
<Message timeStamp="1512169198">Shocking news... flood hit bergen, many affected</Message>
<Message timeStamp="1512169344">Hurricane hit canada today</Message>
<Message timeStamp="1512169310">Flood hit japan last week</Message>
<Message timeStamp="1512169334">Flood hit bergen yesterday, many dead</Message>
</Messages>
