[  
   {  
      "id":"1",
      "label":"Fire in Bergen",
      "start":"2017-11-14T01:00:00",
      "category":"fire"
   },
   {  
      "id":"2",
      "label":"Blizzard in Trondheim",
      "start":"2017-11-16T01:00:00",
      "category":"storm"
   },
   {  
      "id":"3",
      "label":"Cinema party for kids after the fire in Bergen",
      "start":"2017-11-19T12:00:00",
      "category":"cinema"
   },
   {  
      "id":"4",
      "label":"Flood in Moss",
      "start":"2017-10-10T01:00:00",
      "category":"flood"
   },
   {  
      "id":"5",
      "label":"Plane crash in Oslo",
      "start":"2017-07-25T01:00:00",
      "category":"air_disaster"
   },
   {  
      "id":"6",
      "label":"Blizzard in Bergen",
      "start":"2017-11-14T01:00:00",
      "category":"blizzard"
   }
]