<terms>
<term><id>1</id><text>victims</text></term>
<term><id>2</id><text>storms</text></term>
<term><id>3</id><text>marathon</text></term>
<term><id>4</id><text>tornado</text></term>
<term><id>5</id><text>attack</text></term>
<term><id>6</id><text>hurricane</text></term>
<term><id>7</id><text>evacuees</text></term>
<term><id>8</id><text>relief</text></term>
<term><id>9</id><text>tornado</text></term>
<term><id>10</id><text>homes</text></term>
<term><id>11</id><text>examiner</text></term>
<term><id>12</id><text>releases</text></term>
<term><id>13</id><text>redcross</text></term>
<term><id>14</id><text>people</text></term>
<term><id>15</id><text>explosion</text></term>
<term><id>16</id><text>prayers</text></term>
<term><id>17</id><text>life</text></term>
<term><id>18</id><text>victims</text></term>
<term><id>19</id><text>flood</text></term>
<term><id>20</id><text>rescuers</text></term>
<term><id>21</id><text>hurricane</text></term>
<term><id>22</id><text>flood</text></term>
<term><id>23</id><text>relief</text></term>
<term><id>24</id><text>hurricane</text></term>
<term><id>25</id><text>responders</text></term>
<term><id>26</id><text>dozens</text></term>
<term><id>27</id><text>government</text></term>
<term><id>28</id><text>people</text></term>
<term><id>29</id><text>toll</text></term>
<term><id>30</id><text>prayers</text></term>
<term><id>31</id><text>waters</text></term>
<term><id>32</id><text>victims</text></term>
<term><id>33</id><text>death</text></term>
<term><id>34</id><text>flood</text></term>
<term><id>35</id><text>flood</text></term>
<term><id>36</id><text>floodwaters</text></term>
<term><id>37</id><text>fatalities</text></term>
<term><id>38</id><text>soldier</text></term>
<term><id>39</id><text>victims</text></term>
<term><id>40</id><text>cost</text></term>
<term><id>41</id><text>terror</text></term>
<term><id>42</id><text>hurricane</text></term>
<term><id>43</id><text>explosion</text></term>
<term><id>44</id><text>tornado</text></term>
<term><id>45</id><text>tornado</text></term>
<term><id>46</id><text>explosions</text></term>
<term><id>47</id><text>explosion</text></term>
<term><id>48</id><text>relief</text></term>
<term><id>49</id><text>hurricane</text></term>
<term><id>50</id><text>enforcement</text></term>
<term><id>51</id><text>change</text></term>
<term><id>52</id><text>rubble</text></term>
<term><id>53</id><text>crisis</text></term>
<term><id>54</id><text>families</text></term>
<term><id>55</id><text>video</text></term>
<term><id>56</id><text>prayers</text></term>
<term><id>57</id><text>peak</text></term>
<term><id>58</id><text>victims</text></term>
<term><id>59</id><text>residents</text></term>
<term><id>60</id><text>coast</text></term>
<term><id>61</id><text>hurricane</text></term>
<term><id>62</id><text>investigation</text></term>
<term><id>63</id><text>braces</text></term>
<term><id>64</id><text>bomber</text></term>
<term><id>65</id><text>hurricane</text></term>
<term><id>66</id><text>safety</text></term>
<term><id>67</id><text>flood</text></term>
<term><id>68</id><text>water</text></term>
<term><id>69</id><text>donation</text></term>
<term><id>70</id><text>peaks</text></term>
<term><id>71</id><text>survivor</text></term>
<term><id>72</id><text>alerts</text></term>
<term><id>73</id><text>levy</text></term>
<term><id>74</id><text>flood</text></term>
<term><id>75</id><text>deaths</text></term>
<term><id>76</id><text>disasters</text></term>
<term><id>77</id><text>tornado</text></term>
<term><id>78</id><text>flood</text></term>
<term><id>79</id><text>hotline</text></term>
<term><id>80</id><text>explosion</text></term>
<term><id>81</id><text>fire</text></term>
<term><id>82</id><text>victims</text></term>
<term><id>83</id><text>homes</text></term>
<term><id>84</id><text>flood</text></term>
<term><id>85</id><text>people</text></term>
<term><id>86</id><text>explosion</text></term>
<term><id>87</id><text>crisis</text></term>
<term><id>88</id><text>news</text></term>
<term><id>89</id><text>torrential</text></term>
<term><id>90</id><text>victims</text></term>
<term><id>91</id><text>thoughts</text></term>
<term><id>92</id><text>hurricane</text></term>
<term><id>93</id><text>threat</text></term>
<term><id>94</id><text>flood</text></term>
<term><id>95</id><text>prayers</text></term>
<term><id>96</id><text>officer</text></term>
<term><id>97</id><text>hurricane</text></term>
<term><id>98</id><text>storms</text></term>
<term><id>99</id><text>waters</text></term>
<term><id>100</id><text>warnings</text></term>
<term><id>101</id><text>enforcement</text></term>
<term><id>102</id><text>fertilizer</text></term>
<term><id>103</id><text>magnitude</text></term>
<term><id>104</id><text>cross</text></term>
<term><id>105</id><text>flood</text></term>
<term><id>106</id><text>flood</text></term>
<term><id>107</id><text>suspect</text></term>
<term><id>108</id><text>manhunt</text></term>
<term><id>109</id><text>police</text></term>
<term><id>110</id><text>city</text></term>
<term><id>111</id><text>names</text></term>
<term><id>112</id><text>disaster</text></term>
<term><id>113</id><text>redcross</text></term>
<term><id>114</id><text>events</text></term>
<term><id>115</id><text>donation</text></term>
<term><id>116</id><text>people</text></term>
<term><id>117</id><text>text</text></term>
<term><id>118</id><text>relief</text></term>
<term><id>119</id><text>flood</text></term>
<term><id>120</id><text>tornado</text></term>
<term><id>121</id><text>flood</text></term>
<term><id>122</id><text>torrential</text></term>
<term><id>123</id><text>river</text></term>
<term><id>124</id><text>troops</text></term>
<term><id>125</id><text>homes</text></term>
<term><id>126</id><text>disaster</text></term>
<term><id>127</id><text>responders</text></term>
<term><id>128</id><text>donations</text></term>
<term><id>129</id><text>hurricane</text></term>
<term><id>130</id><text>crisis</text></term>
<term><id>131</id><text>explosion</text></term>
<term><id>132</id><text>explosion</text></term>
<term><id>133</id><text>survivor</text></term>
<term><id>134</id><text>explosion</text></term>
<term><id>135</id><text>explosion</text></term>
<term><id>136</id><text>victims</text></term>
<term><id>137</id><text>name</text></term>
<term><id>138</id><text>shot</text></term>
<term><id>139</id><text>situation</text></term>
<term><id>140</id><text>flood</text></term>
<term><id>141</id><text>reports</text></term>
<term><id>142</id><text>police</text></term>
<term><id>143</id><text>explosion</text></term>
<term><id>144</id><text>tornado</text></term>
<term><id>145</id><text>investigation</text></term>
<term><id>146</id><text>explosions</text></term>
<term><id>147</id><text>home</text></term>
<term><id>148</id><text>rescuers</text></term>
<term><id>149</id><text>relief</text></term>
<term><id>150</id><text>braces</text></term>
<term><id>151</id><text>crisis</text></term>
<term><id>152</id><text>hurricane</text></term>
<term><id>153</id><text>homeowners</text></term>
<term><id>154</id><text>police</text></term>
<term><id>155</id><text>hurricane</text></term>
<term><id>156</id><text>stream</text></term>
<term><id>157</id><text>force</text></term>
<term><id>158</id><text>hundreds</text></term>
<term><id>159</id><text>victims</text></term>
<term><id>160</id><text>prayers</text></term>
<term><id>161</id><text>hits</text></term>
<term><id>162</id><text>photos</text></term>
<term><id>163</id><text>flood</text></term>
<term><id>164</id><text>floods</text></term>
<term><id>165</id><text>official</text></term>
<term><id>166</id><text>video</text></term>
<term><id>167</id><text>victims</text></term>
<term><id>168</id><text>police</text></term>
<term><id>169</id><text>redcross</text></term>
<term><id>170</id><text>disaster</text></term>
<term><id>171</id><text>supplies</text></term>
<term><id>172</id><text>hundreds</text></term>
<term><id>173</id><text>rescue</text></term>
<term><id>174</id><text>injuries</text></term>
<term><id>175</id><text>bombings</text></term>
<term><id>176</id><text>city</text></term>
<term><id>177</id><text>hurricane</text></term>
<term><id>178</id><text>police</text></term>
<term><id>179</id><text>rubble</text></term>
<term><id>180</id><text>emergency</text></term>
<term><id>181</id><text>tragedy</text></term>
<term><id>182</id><text>firefighters</text></term>
<term><id>183</id><text>women</text></term>
<term><id>184</id><text>victims</text></term>
<term><id>185</id><text>communities</text></term>
<term><id>186</id><text>prayers</text></term>
<term><id>187</id><text>people</text></term>
<term><id>188</id><text>crisis</text></term>
<term><id>189</id><text>recovery</text></term>
<term><id>190</id><text>rains</text></term>
<term><id>191</id><text>heart</text></term>
<term><id>192</id><text>explosion</text></term>
<term><id>193</id><text>explosion</text></term>
<term><id>194</id><text>explosion</text></term>
<term><id>195</id><text>climate</text></term>
<term><id>196</id><text>flooding</text></term>
<term><id>197</id><text>seconds</text></term>
<term><id>198</id><text>category</text></term>
<term><id>199</id><text>hurricane</text></term>
<term><id>200</id><text>firefighters</text></term>
<term><id>201</id><text>tornado</text></term>
<term><id>202</id><text>hurricane</text></term>
<term><id>203</id><text>help</text></term>
<term><id>204</id><text>power</text></term>
<term><id>205</id><text>events</text></term>
<term><id>206</id><text>crisis</text></term>
<term><id>207</id><text>girl</text></term>
<term><id>208</id><text>disaster</text></term>
<term><id>209</id><text>magnitude</text></term>
<term><id>210</id><text>flood</text></term>
<term><id>211</id><text>flood</text></term>
<term><id>212</id><text>release</text></term>
<term><id>213</id><text>hundreds</text></term>
<term><id>214</id><text>death</text></term>
<term><id>215</id><text>time</text></term>
<term><id>216</id><text>explosion</text></term>
<term><id>217</id><text>cleanup</text></term>
<term><id>218</id><text>loss</text></term>
<term><id>219</id><text>flood</text></term>
<term><id>220</id><text>storm</text></term>
<term><id>221</id><text>flood</text></term>
<term><id>222</id><text>reels</text></term>
<term><id>223</id><text>flood</text></term>
<term><id>224</id><text>photos</text></term>
<term><id>225</id><text>enforcement</text></term>
<term><id>226</id><text>toll</text></term>
<term><id>227</id><text>years</text></term>
<term><id>228</id><text>volunteers</text></term>
<term><id>229</id><text>office</text></term>
<term><id>230</id><text>tornado</text></term>
<term><id>231</id><text>survivor</text></term>
<term><id>232</id><text>tornado</text></term>
<term><id>233</id><text>teenager</text></term>
<term><id>234</id><text>flood</text></term>
<term><id>235</id><text>tornado</text></term>
<term><id>236</id><text>areas</text></term>
<term><id>237</id><text>flood</text></term>
<term><id>238</id><text>disasters</text></term>
<term><id>239</id><text>warning</text></term>
<term><id>240</id><text>aftermath</text></term>
<term><id>241</id><text>redcross</text></term>
<term><id>242</id><text>someone</text></term>
<term><id>243</id><text>flood</text></term>
<term><id>244</id><text>service</text></term>
<term><id>245</id><text>emergency</text></term>
<term><id>246</id><text>path</text></term>
<term><id>247</id><text>suspect</text></term>
<term><id>248</id><text>fire</text></term>
<term><id>249</id><text>heart</text></term>
<term><id>250</id><text>flood</text></term>
<term><id>251</id><text>deaths</text></term>
<term><id>252</id><text>hotline</text></term>
<term><id>253</id><text>torrential</text></term>
<term><id>254</id><text>prayers</text></term>
<term><id>255</id><text>risk</text></term>
<term><id>256</id><text>appeal</text></term>
<term><id>257</id><text>toll</text></term>
<term><id>258</id><text>people</text></term>
<term><id>259</id><text>nursing</text></term>
<term><id>260</id><text>efforts</text></term>
<term><id>261</id><text>floods</text></term>
<term><id>262</id><text>flood</text></term>
<term><id>263</id><text>explosion</text></term>
<term><id>264</id><text>flood</text></term>
<term><id>265</id><text>soldier</text></term>
<term><id>266</id><text>flood</text></term>
<term><id>267</id><text>fire</text></term>
<term><id>268</id><text>destruction</text></term>
<term><id>269</id><text>homeowners</text></term>
<term><id>270</id><text>toxins</text></term>
<term><id>271</id><text>shot</text></term>
<term><id>272</id><text>flood</text></term>
<term><id>273</id><text>explosion</text></term>
<term><id>274</id><text>fund</text></term>
<term><id>275</id><text>peaks</text></term>
<term><id>276</id><text>prayers</text></term>
<term><id>277</id><text>landfall</text></term>
<term><id>278</id><text>flood</text></term>
<term><id>279</id><text>rescue</text></term>
<term><id>280</id><text>power</text></term>
<term><id>281</id><text>people</text></term>
<term><id>282</id><text>thousands</text></term>
<term><id>283</id><text>hurricane</text></term>
<term><id>284</id><text>people</text></term>
<term><id>285</id><text>prayers</text></term>
<term><id>286</id><text>floods</text></term>
<term><id>287</id><text>crisis</text></term>
<term><id>288</id><text>responders</text></term>
<term><id>289</id><text>safety</text></term>
<term><id>290</id><text>flood</text></term>
<term><id>291</id><text>toxins</text></term>
<term><id>292</id><text>tonight</text></term>
<term><id>293</id><text>cost</text></term>
<term><id>294</id><text>flood</text></term>
<term><id>295</id><text>explosion</text></term>
<term><id>296</id><text>response</text></term>
<term><id>297</id><text>worsens</text></term>
<term><id>298</id><text>news</text></term>
<term><id>299</id><text>town</text></term>
<term><id>300</id><text>authorities</text></term>
<term><id>301</id><text>case</text></term>
<term><id>302</id><text>flood</text></term>
<term><id>303</id><text>blast</text></term>
<term><id>304</id><text>troops</text></term>
<term><id>305</id><text>number</text></term>
<term><id>306</id><text>victims</text></term>
<term><id>307</id><text>donation</text></term>
<term><id>308</id><text>images</text></term>
<term><id>309</id><text>witnesses</text></term>
<term><id>310</id><text>video</text></term>
<term><id>311</id><text>explosion</text></term>
<term><id>312</id><text>life</text></term>
<term><id>313</id><text>flood</text></term>
<term><id>314</id><text>twister</text></term>
<term><id>315</id><text>hurricane</text></term>
<term><id>316</id><text>tornado</text></term>
<term><id>317</id><text>people</text></term>
<term><id>318</id><text>memorial</text></term>
<term><id>319</id><text>victims</text></term>
<term><id>320</id><text>casualties</text></term>
<term><id>321</id><text>fighters</text></term>
<term><id>322</id><text>flood</text></term>
<term><id>323</id><text>supplies</text></term>
<term><id>324</id><text>prayers</text></term>
<term><id>325</id><text>flash</text></term>
<term><id>326</id><text>terror</text></term>
<term><id>327</id><text>flood</text></term>
<term><id>328</id><text>deaths</text></term>
<term><id>329</id><text>text</text></term>
<term><id>330</id><text>victims</text></term>
<term><id>331</id><text>flood</text></term>
<term><id>332</id><text>thoughts</text></term>
<term><id>333</id><text>heart</text></term>
<term><id>334</id><text>crisis</text></term>
<term><id>335</id><text>flood</text></term>
<term><id>336</id><text>worsens</text></term>
<term><id>337</id><text>floods</text></term>
<term><id>338</id><text>tornado</text></term>
<term><id>339</id><text>flood</text></term>
<term><id>340</id><text>footage</text></term>
<term><id>341</id><text>flood</text></term>
<term><id>342</id><text>explosion</text></term>
<term><id>343</id><text>releases</text></term>
<term><id>344</id><text>cross</text></term>
<term><id>345</id><text>hurricane</text></term>
<term><id>346</id><text>river</text></term>
<term><id>347</id><text>explosion</text></term>
<term><id>348</id><text>explosion</text></term>
<term><id>349</id><text>toll</text></term>
<term><id>350</id><text>explosion</text></term>
<term><id>351</id><text>toxins</text></term>
<term><id>352</id><text>explosion</text></term>
<term><id>353</id><text>house</text></term>
<term><id>354</id><text>death</text></term>
<term><id>355</id><text>tornado</text></term>
<term><id>356</id><text>legs</text></term>
<term><id>357</id><text>damage</text></term>
<term><id>358</id><text>community</text></term>
<term><id>359</id><text>families</text></term>
<term><id>360</id><text>suspect</text></term>
<term><id>361</id><text>fire</text></term>
<term><id>362</id><text>hurricane</text></term>
<term><id>363</id><text>death</text></term>
<term><id>364</id><text>explosion</text></term>
<term><id>365</id><text>bombings</text></term>
<term><id>366</id><text>tornado</text></term>
<term><id>367</id><text>teenager</text></term>
<term><id>368</id><text>hurricane</text></term>
<term><id>369</id><text>hurricane</text></term>
<term><id>370</id><text>flood</text></term>
<term><id>371</id><text>donations</text></term>
<term><id>372</id><text>prayers</text></term>
<term><id>373</id><text>damage</text></term>
<term><id>374</id><text>loss</text></term>
<term><id>375</id><text>morning</text></term>
<term><id>376</id><text>waters</text></term>
<term><id>377</id><text>relief</text></term>
<term><id>378</id><text>prayers</text></term>
<term><id>379</id><text>damage</text></term>
<term><id>380</id><text>explosion</text></term>
<term><id>381</id><text>attack</text></term>
<term><id>382</id><text>floods</text></term>
<term><id>383</id><text>suspect</text></term>
<term><id>384</id><text>redcross</text></term>
<term><id>385</id><text>fertiliser</text></term>
<term><id>386</id><text>communities</text></term>
<term><id>387</id><text>braces</text></term>
<term><id>388</id><text>explosions</text></term>
<term><id>389</id><text>waters</text></term>
<term><id>390</id><text>explosion</text></term>
<term><id>391</id><text>coverage</text></term>
<term><id>392</id><text>injuries</text></term>
<term><id>393</id><text>suspect</text></term>
<term><id>394</id><text>flood</text></term>
<term><id>395</id><text>explosion</text></term>
<term><id>396</id><text>video</text></term>
<term><id>397</id><text>text</text></term>
<term><id>398</id><text>claims</text></term>
<term><id>399</id><text>tornado</text></term>
<term><id>400</id><text>crowd</text></term>
<term><id>401</id><text>explosion</text></term>
<term><id>402</id><text>flood</text></term>
<term><id>403</id><text>bomb</text></term>
</terms>
