<terms>
<term><id>1</id><text>evacuated</text></term>
<term><id>2</id><text>missing</text></term>
<term><id>3</id><text>donate</text></term>
<term><id>4</id><text>ripped</text></term>
<term><id>5</id><text>lend</text></term>
<term><id>6</id><text>flooding</text></term>
<term><id>7</id><text>recede</text></term>
<term><id>8</id><text>facing</text></term>
<term><id>9</id><text>injured</text></term>
<term><id>10</id><text>send</text></term>
<term><id>11</id><text>bombing</text></term>
<term><id>12</id><text>bombing</text></term>
<term><id>13</id><text>died</text></term>
<term><id>14</id><text>dealing</text></term>
<term><id>15</id><text>bombing</text></term>
<term><id>16</id><text>run</text></term>
<term><id>17</id><text>please</text></term>
<term><id>18</id><text>praying</text></term>
<term><id>19</id><text>help</text></term>
<term><id>20</id><text>rebuild</text></term>
<term><id>21</id><text>bombing</text></term>
<term><id>22</id><text>waiting</text></term>
<term><id>23</id><text>daring</text></term>
<term><id>24</id><text>damaged</text></term>
<term><id>25</id><text>captured</text></term>
<term><id>26</id><text>injured</text></term>
<term><id>27</id><text>want</text></term>
<term><id>28</id><text>surviving</text></term>
<term><id>29</id><text>missing</text></term>
<term><id>30</id><text>arrest</text></term>
<term><id>31</id><text>affected</text></term>
<term><id>32</id><text>ravaged</text></term>
<term><id>33</id><text>reported</text></term>
<term><id>34</id><text>leave</text></term>
<term><id>35</id><text>rises</text></term>
<term><id>36</id><text>damaged</text></term>
<term><id>37</id><text>counts</text></term>
<term><id>38</id><text>worsens</text></term>
<term><id>39</id><text>donate</text></term>
<term><id>40</id><text>run</text></term>
<term><id>41</id><text>retweet</text></term>
<term><id>42</id><text>suspect</text></term>
<term><id>43</id><text>recover</text></term>
<term><id>44</id><text>affected</text></term>
<term><id>45</id><text>rises</text></term>
<term><id>46</id><text>kill</text></term>
<term><id>47</id><text>remember</text></term>
<term><id>48</id><text>help</text></term>
<term><id>49</id><text>affected</text></term>
<term><id>50</id><text>buried</text></term>
<term><id>51</id><text>watch</text></term>
<term><id>52</id><text>help</text></term>
<term><id>53</id><text>join</text></term>
<term><id>54</id><text>killed</text></term>
<term><id>55</id><text>lost</text></term>
<term><id>56</id><text>lives</text></term>
<term><id>57</id><text>capturing</text></term>
<term><id>58</id><text>injured</text></term>
<term><id>59</id><text>involved</text></term>
<term><id>60</id><text>love</text></term>
<term><id>61</id><text>donated</text></term>
<term><id>62</id><text>affected</text></term>
<term><id>63</id><text>destroyed</text></term>
<term><id>64</id><text>suspect</text></term>
<term><id>65</id><text>killed</text></term>
<term><id>66</id><text>rescue</text></term>
<term><id>67</id><text>affected</text></term>
<term><id>68</id><text>injured</text></term>
<term><id>69</id><text>killed</text></term>
<term><id>70</id><text>killed</text></term>
<term><id>71</id><text>opposed</text></term>
<term><id>72</id><text>launched</text></term>
<term><id>73</id><text>rebuilt</text></term>
<term><id>74</id><text>registered</text></term>
<term><id>75</id><text>rebuilt</text></term>
<term><id>76</id><text>lost</text></term>
<term><id>77</id><text>praying</text></term>
<term><id>78</id><text>finds</text></term>
<term><id>79</id><text>prepare</text></term>
<term><id>80</id><text>suspect</text></term>
<term><id>81</id><text>effected</text></term>
<term><id>82</id><text>return</text></term>
<term><id>83</id><text>lives</text></term>
<term><id>84</id><text>reported</text></term>
<term><id>85</id><text>bombing</text></term>
<term><id>86</id><text>praying</text></term>
<term><id>87</id><text>bombing</text></term>
<term><id>88</id><text>donated</text></term>
<term><id>89</id><text>help</text></term>
<term><id>90</id><text>gets</text></term>
<term><id>91</id><text>rains</text></term>
<term><id>92</id><text>need</text></term>
<term><id>93</id><text>please</text></term>
<term><id>94</id><text>assist</text></term>
<term><id>95</id><text>saying</text></term>
<term><id>96</id><text>inundated</text></term>
<term><id>97</id><text>donated</text></term>
<term><id>98</id><text>give</text></term>
<term><id>99</id><text>donate</text></term>
<term><id>100</id><text>flood</text></term>
<term><id>101</id><text>surging</text></term>
<term><id>102</id><text>buried</text></term>
<term><id>103</id><text>killed</text></term>
<term><id>104</id><text>lives</text></term>
<term><id>105</id><text>found</text></term>
<term><id>106</id><text>died</text></term>
<term><id>107</id><text>voted</text></term>
<term><id>108</id><text>forces</text></term>
<term><id>109</id><text>assist</text></term>
<term><id>110</id><text>breaking</text></term>
<term><id>111</id><text>reconnect</text></term>
<term><id>112</id><text>rescue</text></term>
<term><id>113</id><text>died</text></term>
<term><id>114</id><text>appeal</text></term>
<term><id>115</id><text>bodies</text></term>
<term><id>116</id><text>help</text></term>
<term><id>117</id><text>help</text></term>
<term><id>118</id><text>praying</text></term>
<term><id>119</id><text>confirmed</text></term>
<term><id>120</id><text>rescue</text></term>
<term><id>121</id><text>rises</text></term>
<term><id>122</id><text>make</text></term>
<term><id>123</id><text>bombing</text></term>
<term><id>124</id><text>ravaged</text></term>
<term><id>125</id><text>visiting</text></term>
<term><id>126</id><text>recovered</text></term>
<term><id>127</id><text>killed</text></term>
<term><id>128</id><text>donate</text></term>
<term><id>129</id><text>suspect</text></term>
<term><id>130</id><text>registered</text></term>
<term><id>131</id><text>caught</text></term>
<term><id>132</id><text>trapped</text></term>
<term><id>133</id><text>help</text></term>
<term><id>134</id><text>injured</text></term>
<term><id>135</id><text>identified</text></term>
<term><id>136</id><text>rebuilt</text></term>
<term><id>137</id><text>kills</text></term>
<term><id>138</id><text>killed</text></term>
<term><id>139</id><text>stay</text></term>
<term><id>140</id><text>donate</text></term>
<term><id>141</id><text>recede</text></term>
<term><id>142</id><text>unfolds</text></term>
<term><id>143</id><text>surging</text></term>
<term><id>144</id><text>missing</text></term>
<term><id>145</id><text>bombing</text></term>
<term><id>146</id><text>affected</text></term>
<term><id>147</id><text>praying</text></term>
<term><id>148</id><text>brought</text></term>
<term><id>149</id><text>reconnect</text></term>
<term><id>150</id><text>affected</text></term>
<term><id>151</id><text>breaking</text></term>
<term><id>152</id><text>breaking</text></term>
<term><id>153</id><text>donate</text></term>
<term><id>154</id><text>affected</text></term>
<term><id>155</id><text>dying</text></term>
<term><id>156</id><text>flood</text></term>
<term><id>157</id><text>deepens</text></term>
<term><id>158</id><text>join</text></term>
<term><id>159</id><text>reported</text></term>
<term><id>160</id><text>terrified</text></term>
<term><id>161</id><text>affected</text></term>
<term><id>162</id><text>deepens</text></term>
<term><id>163</id><text>impacted</text></term>
<term><id>164</id><text>feared</text></term>
<term><id>165</id><text>saddened</text></term>
<term><id>166</id><text>arrest</text></term>
<term><id>167</id><text>confirmed</text></term>
<term><id>168</id><text>stay</text></term>
<term><id>169</id><text>reported</text></term>
<term><id>170</id><text>deepens</text></term>
<term><id>171</id><text>following</text></term>
<term><id>172</id><text>saddened</text></term>
<term><id>173</id><text>reported</text></term>
<term><id>174</id><text>give</text></term>
<term><id>175</id><text>inundated</text></term>
<term><id>176</id><text>displaced</text></term>
<term><id>177</id><text>accepting</text></term>
<term><id>178</id><text>bombing</text></term>
<term><id>179</id><text>txting</text></term>
<term><id>180</id><text>help</text></term>
<term><id>181</id><text>injured</text></term>
<term><id>182</id><text>txting</text></term>
<term><id>183</id><text>pinned</text></term>
<term><id>184</id><text>affected</text></term>
<term><id>185</id><text>running</text></term>
<term><id>186</id><text>hoisted</text></term>
<term><id>187</id><text>running</text></term>
<term><id>188</id><text>help</text></term>
<term><id>189</id><text>saddened</text></term>
<term><id>190</id><text>praying</text></term>
<term><id>191</id><text>injured</text></term>
<term><id>192</id><text>coming</text></term>
<term><id>193</id><text>breaking</text></term>
<term><id>194</id><text>praying</text></term>
</terms>
